<project xmlns="http://maven.apache.org/POM/4.0.0"
	xmlns:xsi="http://www.w3.org/2001/XMLSchema-instance"
	xsi:schemaLocation="http://maven.apache.org/POM/4.0.0 https://maven.apache.org/xsd/maven-4.0.0.xsd">
	<modelVersion>4.0.0</modelVersion>
	<groupId>Ocean</groupId>
	<artifactId>Ocean</artifactId>
	<version>0.0.1-SNAPSHOT</version>
	<packaging>war</packaging>
	<build>
		<plugins>
			<plugin>
				<artifactId>maven-compiler-plugin</artifactId>
				<version>3.8.1</version>
				<configuration>
					<release>17</release>
				</configuration>
			</plugin>
			<plugin>
				<artifactId>maven-war-plugin</artifactId>
				<version>3.2.3</version>
			</plugin>
		</plugins>
	</build>

	<dependencies>
		<dependency>
			<groupId>org.glassfish.jersey.core</groupId>
			<artifactId>jersey-server</artifactId>
			<version>2.35</version>
		</dependency>

		<dependency>
			<groupId>org.glassfish.jersey.containers</groupId>
			<artifactId>jersey-container-servlet-core</artifactId>
			<version>2.35</version>
		</dependency>

		<dependency>
			<groupId>org.glassfish.jersey.media</groupId>
			<artifactId>jersey-media-json-jackson</artifactId>
			<version>2.25.1</version>
		</dependency>

		<dependency>
			<groupId>org.glassfish.jersey.inject</groupId>
			<artifactId>jersey-hk2</artifactId>
			<version>2.35</version>
		</dependency>

		<dependency>
			<groupId>javax.xml.bind</groupId>
			<artifactId>jaxb-api</artifactId>
			<version>2.1</version>
		</dependency>

		<dependency>
			<groupId>com.oracle.database.jdbc</groupId>
			<artifactId>ojdbc11</artifactId>
			<version>23.3.0.23.09</version>
		</dependency>

		<dependency>
			<groupId>org.apache.httpcomponents</groupId>
			<artifactId>httpclient</artifactId>
			<version>4.5.14</version>
		</dependency>

		<dependency>
			<groupId>com.google.code.gson</groupId>
			<artifactId>gson</artifactId>
			<version>2.10.1</version>
		</dependency>
	</dependencies>
	
	

</project>